[{"model": "contenttypes.contenttype", "pk": 1, "fields": {"app_label": "admin", "model": "logentry"}}, {"model": "contenttypes.contenttype", "pk": 2, "fields": {"app_label": "auth", "model": "permission"}}, {"model": "contenttypes.contenttype", "pk": 3, "fields": {"app_label": "auth", "model": "group"}}, {"model": "contenttypes.contenttype", "pk": 4, "fields": {"app_label": "contenttypes", "model": "contenttype"}}, {"model": "contenttypes.contenttype", "pk": 5, "fields": {"app_label": "sessions", "model": "session"}}, {"model": "contenttypes.contenttype", "pk": 6, "fields": {"app_label": "mainapp", "model": "productcategory"}}, {"model": "contenttypes.contenttype", "pk": 7, "fields": {"app_label": "mainapp", "model": "product"}}, {"model": "contenttypes.contenttype", "pk": 8, "fields": {"app_label": "mainapp", "model": "contacts"}}, {"model": "contenttypes.contenttype", "pk": 9, "fields": {"app_label": "authapp", "model": "shopuser"}}, {"model": "contenttypes.contenttype", "pk": 10, "fields": {"app_label": "basketapp", "model": "basket"}}, {"model": "contenttypes.contenttype", "pk": 11, "fields": {"app_label": "authapp", "model": "shopuserprofile"}}, {"model": "contenttypes.contenttype", "pk": 12, "fields": {"app_label": "social_django", "model": "association"}}, {"model": "contenttypes.contenttype", "pk": 13, "fields": {"app_label": "social_django", "model": "code"}}, {"model": "contenttypes.contenttype", "pk": 14, "fields": {"app_label": "social_django", "model": "nonce"}}, {"model": "contenttypes.contenttype", "pk": 15, "fields": {"app_label": "social_django", "model": "usersocialauth"}}, {"model": "contenttypes.contenttype", "pk": 16, "fields": {"app_label": "social_django", "model": "partial"}}, {"model": "contenttypes.contenttype", "pk": 17, "fields": {"app_label": "ordersapp", "model": "order"}}, {"model": "contenttypes.contenttype", "pk": 18, "fields": {"app_label": "ordersapp", "model": "orderitem"}}, {"model": "sessions.session", "pk": "068z6pz7azk5icrc6kk425ask0gk8v35", "fields": {"session_data": "NDRiZTg3YmNlMmU1NDIwYzdmZDRhNjkzOWNiZWE2N2U5MjRlYjEyMDp7Il9hdXRoX3VzZXJfaWQiOiIxIiwiX2F1dGhfdXNlcl9iYWNrZW5kIjoiZGphbmdvLmNvbnRyaWIuYXV0aC5iYWNrZW5kcy5Nb2RlbEJhY2tlbmQiLCJfYXV0aF91c2VyX2hhc2giOiI3NjY5OThlMDFmMWU2NjZhMDZkMWE0OGEzMjk2NTBlMjk1MmNlZWEwIn0=", "expire_date": "2020-10-23T05:24:59.933Z"}}, {"model": "sessions.session", "pk": "1ykoc9x0ul9tikgwyqaxzxxa693jhrmd", "fields": {"session_data": "NDRiZTg3YmNlMmU1NDIwYzdmZDRhNjkzOWNiZWE2N2U5MjRlYjEyMDp7Il9hdXRoX3VzZXJfaWQiOiIxIiwiX2F1dGhfdXNlcl9iYWNrZW5kIjoiZGphbmdvLmNvbnRyaWIuYXV0aC5iYWNrZW5kcy5Nb2RlbEJhY2tlbmQiLCJfYXV0aF91c2VyX2hhc2giOiI3NjY5OThlMDFmMWU2NjZhMDZkMWE0OGEzMjk2NTBlMjk1MmNlZWEwIn0=", "expire_date": "2020-10-26T10:48:52.110Z"}}, {"model": "sessions.session", "pk": "7xnm0fg0r5kccnzvo53cniwhf2tkb631", "fields": {"session_data": "NDRiZTg3YmNlMmU1NDIwYzdmZDRhNjkzOWNiZWE2N2U5MjRlYjEyMDp7Il9hdXRoX3VzZXJfaWQiOiIxIiwiX2F1dGhfdXNlcl9iYWNrZW5kIjoiZGphbmdvLmNvbnRyaWIuYXV0aC5iYWNrZW5kcy5Nb2RlbEJhY2tlbmQiLCJfYXV0aF91c2VyX2hhc2giOiI3NjY5OThlMDFmMWU2NjZhMDZkMWE0OGEzMjk2NTBlMjk1MmNlZWEwIn0=", "expire_date": "2020-10-30T21:34:24.288Z"}}, {"model": "sessions.session", "pk": "jam29go9jlf84b64giqoumihh20l2slj", "fields": {"session_data": "NDYzMThmNjEyNGI1ZWM5ZGJhZGE4OTI4ZmIyMDc2NTUwZDllYjg4MDp7Im5leHQiOiIvIiwiZ29vZ2xlLW9hdXRoMl9zdGF0ZSI6IndZYm15NnAzZWJCMWo2dTJTSG43a3lwY095MHJaSXBOIiwiX2F1dGhfdXNlcl9pZCI6IjE3IiwiX2F1dGhfdXNlcl9iYWNrZW5kIjoic29jaWFsX2NvcmUuYmFja2VuZHMuZ29vZ2xlLkdvb2dsZU9BdXRoMiIsIl9hdXRoX3VzZXJfaGFzaCI6IjMyMTUyNjliZWNkOGQxYzE2NzJjNGMwNWI2Y2RiMTI5NjdkYmRhNDYiLCJzb2NpYWxfYXV0aF9sYXN0X2xvZ2luX2JhY2tlbmQiOiJnb29nbGUtb2F1dGgyIn0=", "expire_date": "2020-11-11T18:10:30.300Z"}}, {"model": "sessions.session", "pk": "kzx5np9x8tulhvhev484vru5rdn8w8p1", "fields": {"session_data": "NDRiZTg3YmNlMmU1NDIwYzdmZDRhNjkzOWNiZWE2N2U5MjRlYjEyMDp7Il9hdXRoX3VzZXJfaWQiOiIxIiwiX2F1dGhfdXNlcl9iYWNrZW5kIjoiZGphbmdvLmNvbnRyaWIuYXV0aC5iYWNrZW5kcy5Nb2RlbEJhY2tlbmQiLCJfYXV0aF91c2VyX2hhc2giOiI3NjY5OThlMDFmMWU2NjZhMDZkMWE0OGEzMjk2NTBlMjk1MmNlZWEwIn0=", "expire_date": "2020-11-16T20:53:30.528Z"}}, {"model": "sessions.session", "pk": "la12mm4d79e0fbj4g5oid1e3jx5tle94", "fields": {"session_data": "NDRiZTg3YmNlMmU1NDIwYzdmZDRhNjkzOWNiZWE2N2U5MjRlYjEyMDp7Il9hdXRoX3VzZXJfaWQiOiIxIiwiX2F1dGhfdXNlcl9iYWNrZW5kIjoiZGphbmdvLmNvbnRyaWIuYXV0aC5iYWNrZW5kcy5Nb2RlbEJhY2tlbmQiLCJfYXV0aF91c2VyX2hhc2giOiI3NjY5OThlMDFmMWU2NjZhMDZkMWE0OGEzMjk2NTBlMjk1MmNlZWEwIn0=", "expire_date": "2020-11-18T19:54:54.196Z"}}, {"model": "sessions.session", "pk": "ne4lpistmjqfcr6dbrpcj19vbddnrj2l", "fields": {"session_data": "NDRiZTg3YmNlMmU1NDIwYzdmZDRhNjkzOWNiZWE2N2U5MjRlYjEyMDp7Il9hdXRoX3VzZXJfaWQiOiIxIiwiX2F1dGhfdXNlcl9iYWNrZW5kIjoiZGphbmdvLmNvbnRyaWIuYXV0aC5iYWNrZW5kcy5Nb2RlbEJhY2tlbmQiLCJfYXV0aF91c2VyX2hhc2giOiI3NjY5OThlMDFmMWU2NjZhMDZkMWE0OGEzMjk2NTBlMjk1MmNlZWEwIn0=", "expire_date": "2020-11-06T14:36:38.428Z"}}, {"model": "sessions.session", "pk": "qwev8z9d9k3wjwij7li8hef97vo0hcrm", "fields": {"session_data": "NDRiZTg3YmNlMmU1NDIwYzdmZDRhNjkzOWNiZWE2N2U5MjRlYjEyMDp7Il9hdXRoX3VzZXJfaWQiOiIxIiwiX2F1dGhfdXNlcl9iYWNrZW5kIjoiZGphbmdvLmNvbnRyaWIuYXV0aC5iYWNrZW5kcy5Nb2RlbEJhY2tlbmQiLCJfYXV0aF91c2VyX2hhc2giOiI3NjY5OThlMDFmMWU2NjZhMDZkMWE0OGEzMjk2NTBlMjk1MmNlZWEwIn0=", "expire_date": "2020-11-05T10:20:42.159Z"}}, {"model": "sessions.session", "pk": "qwuigsut399adsg5fbcxihspp2qsinxz", "fields": {"session_data": "M2EyMWRiODdkM2NjZmNhMmI1MWQxYWM2NmU3NjhjYWFmMzEwNjMwYjp7Il9hdXRoX3VzZXJfaWQiOiIyIiwiX2F1dGhfdXNlcl9iYWNrZW5kIjoiZGphbmdvLmNvbnRyaWIuYXV0aC5iYWNrZW5kcy5Nb2RlbEJhY2tlbmQiLCJfYXV0aF91c2VyX2hhc2giOiJkZDdmMjc3MjQ0MjdmODI3NDViY2M0ZWZhNjkxMTk1NDIxMWVlZDBhIn0=", "expire_date": "2020-10-19T09:53:36.430Z"}}, {"model": "sessions.session", "pk": "svxv7yzt56vc5kd78r05b5gi9j5b53op", "fields": {"session_data": "OWUxZjc2ZmFkZjk0ZDYyOWJmNDU2MTc2ODZkMTY4YWQyODFjY2NhYTp7Im5leHQiOiIvIiwiZ29vZ2xlLW9hdXRoMl9zdGF0ZSI6Ikh2c2lhUGZwQm1MUW9XS0VSNGxhMkFpVmQzSnowQWJqIn0=", "expire_date": "2020-11-18T19:31:26.609Z"}}, {"model": "sessions.session", "pk": "tbng3naf6mq8fz6m1zrzlxwzk8k5b6gd", "fields": {"session_data": "NDRiZTg3YmNlMmU1NDIwYzdmZDRhNjkzOWNiZWE2N2U5MjRlYjEyMDp7Il9hdXRoX3VzZXJfaWQiOiIxIiwiX2F1dGhfdXNlcl9iYWNrZW5kIjoiZGphbmdvLmNvbnRyaWIuYXV0aC5iYWNrZW5kcy5Nb2RlbEJhY2tlbmQiLCJfYXV0aF91c2VyX2hhc2giOiI3NjY5OThlMDFmMWU2NjZhMDZkMWE0OGEzMjk2NTBlMjk1MmNlZWEwIn0=", "expire_date": "2020-12-06T09:18:47.965Z"}}, {"model": "sessions.session", "pk": "wewn0q8oic4ehtc9tf20cyqc96wy7l8b", "fields": {"session_data": "NDRiZTg3YmNlMmU1NDIwYzdmZDRhNjkzOWNiZWE2N2U5MjRlYjEyMDp7Il9hdXRoX3VzZXJfaWQiOiIxIiwiX2F1dGhfdXNlcl9iYWNrZW5kIjoiZGphbmdvLmNvbnRyaWIuYXV0aC5iYWNrZW5kcy5Nb2RlbEJhY2tlbmQiLCJfYXV0aF91c2VyX2hhc2giOiI3NjY5OThlMDFmMWU2NjZhMDZkMWE0OGEzMjk2NTBlMjk1MmNlZWEwIn0=", "expire_date": "2020-10-15T07:19:56.265Z"}}, {"model": "mainapp.productcategory", "pk": 2, "fields": {"name": "\u0421\u0442\u0443\u043b\u044c\u044f", "description": "\u043e\u0442\u043b\u0438\u0447\u043d\u044b\u0435 \u0441\u0442\u0443\u043b\u044c\u044f", "is_active": true}}, {"model": "mainapp.productcategory", "pk": 3, "fields": {"name": "\u0414\u0438\u0432\u0430\u043d\u044b", "description": "\u0447\u0442\u043e\u0431\u044b \u043b\u0435\u0436\u0430\u0442\u044c", "is_active": true}}, {"model": "mainapp.productcategory", "pk": 4, "fields": {"name": "\u0428\u043a\u0430\u0444\u044b", "description": "\u0440\u0430\u0437\u043d\u044b\u0435", "is_active": true}}, {"model": "mainapp.productcategory", "pk": 5, "fields": {"name": "\u041a\u0443\u0445\u043d\u0438", "description": "\u043a\u043e\u043c\u043f\u043b\u0435\u043a\u0442\u043d\u0430\u044f", "is_active": true}}, {"model": "mainapp.productcategory", "pk": 6, "fields": {"name": "\u0441\u0442\u043e\u043b\u044b", "description": "\u043e\u0447\u0435\u043d\u044c \u0440\u043e\u0432\u043d\u044b\u0435 \u0441\u0442\u043e\u043b\u044b", "is_active": true}}, {"model": "mainapp.productcategory", "pk": 7, "fields": {"name": "\u0433\u0430\u0440\u0434\u0435\u0440\u043e\u0431", "description": "\u0432\u0441\u0435 \u0434\u043b\u044f \u0432\u0430\u0448\u0435\u0433\u043e \u0433\u0430\u0440\u0434\u0435\u0440\u043e\u0431\u0430", "is_active": true}}, {"model": "mainapp.productcategory", "pk": 8, "fields": {"name": "newcat-1", "description": "newcat-1newcat-1newcat-1newcat-1newcat-1newcat-1newcat-1newcat-1newcat-1", "is_active": false}}, {"model": "mainapp.productcategory", "pk": 9, "fields": {"name": "newcat-2", "description": "a/slkvmalsmv alksval;ksv", "is_active": false}}, {"model": "mainapp.productcategory", "pk": 10, "fields": {"name": "newcat-33", "description": "/lkremlskt;sl kdg\u0432\u043c\u0432\u0430\u0438\u043f\u0434\u044b\u0430\u044c\u043b\u044b\u0442 \u0430\u0434\u043f\u043b\u0438 \u044b\u0434\u0432\u0430\u043b \u0438\u044b\u0434\u043b\u0432\u0430\u0430\u044c \u0434\u044b\u043b\u0432\u044c\u0438 \u0434\u043b\u044b\u044c\u043f \u043f\u0438\u0434\u043b\u044b \u0430\u043f\u0434\u043b\u0442 9348394 lkdsgjb sld", "is_active": false}}, {"model": "mainapp.product", "pk": 1, "fields": {"category": 2, "name": "\u0423\u0434\u043e\u0431\u043d\u044b\u0439 \u0441\u0442\u0443\u043b", "image": "products_images/Good_Stul_8oQGxsB.jpg", "short_desc": "\u041a\u043e\u0440\u043e\u0442\u043a\u043e - \u0443\u0434\u043e\u0431\u043d\u044b\u0439 \u0441\u0442\u0443\u043b", "description": "- \u0443\u0434\u043e\u0431\u043d\u044b\u0439 \u0441\u0442\u0443\u043b - \u0443\u0434\u043e\u0431\u043d\u044b\u0439 \u0441\u0442\u0443\u043b - \u0443\u0434\u043e\u0431\u043d\u044b\u0439 \u0441\u0442\u0443\u043b - \u0443\u0434\u043e\u0431\u043d\u044b\u0439 \u0441\u0442\u0443\u043b - \u0443\u0434\u043e\u0431\u043d\u044b\u0439 \u0441\u0442\u0443\u043b - \u0443\u0434\u043e\u0431\u043d\u044b\u0439 \u0441\u0442\u0443\u043b - \u0443\u0434\u043e\u0431\u043d\u044b\u0439 \u0441\u0442\u0443\u043b - \u0443\u0434\u043e\u0431\u043d\u044b\u0439 \u0441\u0442\u0443\u043b - \u0443\u0434\u043e\u0431\u043d\u044b\u0439 \u0441\u0442\u0443\u043b", "price": "600.25", "quantity": 31, "is_active": true}}, {"model": "mainapp.product", "pk": 2, "fields": {"category": 3, "name": "\u0414\u0438\u0432\u0430\u043d1", "image": "products_images/\u0434\u0438\u0432\u0430\u043d1.jpg", "short_desc": "\u041a\u043e\u0440\u043e\u0442\u043a\u043e \u043e \u0434\u0438\u0432\u0430\u043d\u04351", "description": "\u041f\u043e\u043b\u043d\u043e\u0435 \u043e\u043f\u0438\u0441\u0430\u043d\u0438\u0435 \u0434\u0438\u0432\u0430\u043d\u04301, \u043f\u043e\u043b\u043d\u043e\u0435 \u043e\u043f\u0438\u0441\u0430\u043d\u0438\u0435 \u0434\u0438\u0432\u0430\u043d\u04301, \u043f\u043e\u043b\u043d\u043e\u0435 \u043e\u043f\u0438\u0441\u0430\u043d\u0438\u0435 \u0434\u0438\u0432\u0430\u043d\u04301, \u043f\u043e\u043b\u043d\u043e\u0435 \u043e\u043f\u0438\u0441\u0430\u043d\u0438\u0435 \u0434\u0438\u0432\u0430\u043d\u04301, \u043f\u043e\u043b\u043d\u043e\u0435 \u043e\u043f\u0438\u0441\u0430\u043d\u0438\u0435 \u0434\u0438\u0432\u0430\u043d\u04301, \u043f\u043e\u043b\u043d\u043e\u0435 \u043e\u043f\u0438\u0441\u0430\u043d\u0438\u0435 \u0434\u0438\u0432\u0430\u043d\u04301, \u043f\u043e\u043b\u043d\u043e\u0435 \u043e\u043f\u0438\u0441\u0430\u043d\u0438\u0435 \u0434\u0438\u0432\u0430\u043d\u04301, \u043f\u043e\u043b\u043d\u043e\u0435 \u043e\u043f\u0438\u0441\u0430\u043d\u0438\u0435 \u0434\u0438\u0432\u0430\u043d\u04301, \u043f\u043e\u043b\u043d\u043e\u0435 \u043e\u043f\u0438\u0441\u0430\u043d\u0438\u0435 \u0434\u0438\u0432\u0430\u043d\u04301, \u043f\u043e\u043b\u043d\u043e\u0435 \u043e\u043f\u0438\u0441\u0430\u043d\u0438\u0435 \u0434\u0438\u0432\u0430\u043d\u04301lkjlkjlkj", "price": "33000.10", "quantity": 10, "is_active": true}}, {"model": "mainapp.product", "pk": 3, "fields": {"category": 4, "name": "\u0428\u043a\u0430\u0444 1", "image": "products_images/\u0448\u043a\u0430\u04441.jpg", "short_desc": "\u041f\u0440\u043e\u0441\u0442\u043e\u0439 \u0428\u043a\u0430\u0444", "description": "\u041f\u0440\u043e\u0441\u0442\u043e\u0439 \u0448\u043a\u0430\u0444 - \u041f\u0440\u043e\u0441\u0442\u043e\u0439 \u0448\u043a\u0430\u0444 - \u041f\u0440\u043e\u0441\u0442\u043e\u0439 \u0448\u043a\u0430\u0444 - \u041f\u0440\u043e\u0441\u0442\u043e\u0439 \u0448\u043a\u0430\u0444 - \u041f\u0440\u043e\u0441\u0442\u043e\u0439 \u0448\u043a\u0430\u0444 - \u041f\u0440\u043e\u0441\u0442\u043e\u0439 \u0448\u043a\u0430\u0444", "price": "27000.00", "quantity": 7, "is_active": true}}, {"model": "mainapp.product", "pk": 4, "fields": {"category": 4, "name": "\u0422\u0435\u0441\u0442\u043e\u0432\u044b\u0439 \u0448\u043a\u0430\u0444", "image": "products_images/\u0448\u043a\u0430\u04442.jpg", "short_desc": "\u041e\u0447\u0435\u043d\u044c \u043a\u043e\u0440\u043e\u0442\u043a\u043e \u0438 \u0442\u0435\u0441\u0442\u043e\u0432\u043e\u043c \u0448\u043a\u0430\u0444\u0435", "description": "dhaeth", "price": "0.00", "quantity": 0, "is_active": false}}, {"model": "mainapp.product", "pk": 5, "fields": {"category": 5, "name": "\u041a\u0443\u0445\u043d\u044f 1", "image": "products_images/\u043a\u0443\u0445\u043d\u044f01.jpg", "short_desc": "\u043c\u0430\u0442\u0435\u0440\u0438\u0430\u043b \u0444\u0430\u0441\u0430\u0434\u0430: \u041c\u0414\u0424 \u041f\u0412\u0425", "description": "1. \u0434\u043b\u044f \u043d\u0430\u043f\u0440\u0430\u0432\u043b\u044f\u044e\u0449\u0438\u0445 \u043a \u044f\u0449\u0438\u043a\u0430\u043c \u0438\u0441\u043f\u043e\u043b\u044c\u0437\u0443\u044e\u0442\u0441\u044f \u043c\u0435\u0442\u0430\u0431\u043e\u043a\u0441\u044b\r\n2. \u0432\u0441\u0435 \u043f\u0440\u0435\u0434\u043c\u0435\u0442\u044b, \u0443\u043a\u0430\u0437\u0430\u043d\u043d\u044b\u0435 \u043d\u0430 \u0444\u043e\u0442\u043e \u0441 \u0444\u0443\u0440\u043d\u0438\u0442\u0443\u0440\u043e\u0439 (\u0431\u0435\u0437 \u0431\u044b\u0442\u043e\u0432\u043e\u0439 \u0442\u0435\u0445\u043d\u0438\u043a\u0438, \u0431\u0440\u043e\u043d\u0437\u043e\u0432\u044b\u0445 \u0440\u0443\u0447\u0435\u043a \u0438 \u0434\u043e\u043f\u043e\u043b\u043d\u0438\u0442\u0435\u043b\u044c\u043d\u043e\u0439 \u043a\u043e\u043c\u043f\u043b\u0435\u043a\u0442\u0430\u0446\u0438\u0438)\r\n3. \u043a\u043e\u043c\u043f\u043b\u0435\u043a\u0442\u0443\u0435\u0442\u0441\u044f \u043f\u043b\u0430\u0441\u0442\u0438\u043a\u043e\u0432\u044b\u043c\u0438 \u0440\u0443\u0447\u043a\u0430\u043c\u0438 (\u0440\u0443\u0447\u043a\u0438 \u043a\u0430\u043a \u043d\u0430 \u0444\u043e\u0442\u043e \u043a\u043e\u043c\u043f\u043b\u0435\u043a\u0442\u0443\u044e\u0442\u0441\u044f \u043e\u0442\u0434\u0435\u043b\u044c\u043d\u043e \u0437\u0430 \u0434\u043e\u043f\u043e\u043b\u043d\u0438\u0442\u0435\u043b\u044c\u043d\u0443\u044e \u043f\u043b\u0430\u0442\u0443)\r\n4. \u0432 \u0446\u0435\u043d\u0443 \u043a\u043e\u043c\u043f\u043e\u0437\u0438\u0446\u0438\u0438 \u0421\u0422\u041e\u041b\u0415\u0428\u041d\u0418\u0426\u0410 \u041d\u0415 \u0412\u0425\u041e\u0414\u0418\u0422, \u0435\u0441\u0442\u044c \u0432\u043e\u0437\u043c\u043e\u0436\u043d\u043e\u0441\u0442\u044c \u0438\u0437\u0433\u043e\u0442\u043e\u0432\u043b\u0435\u043d\u0438\u044f \u0446\u0435\u043b\u044c\u043d\u043e\u0439 \u0438\u043b\u0438 \u0440\u0430\u0437\u0434\u0435\u043b\u044c\u043d\u043e\u0439 \u0441\u0442\u043e\u043b\u0435\u0448\u043d\u0438\u0446\u044b \u0437\u0430 \u0434\u043e\u043f\u043e\u043b\u043d\u0438\u0442\u0435\u043b\u044c\u043d\u0443\u044e \u043f\u043b\u0430\u0442\u0443\r\n5. \u0432\u0438\u0442\u0440\u0430\u0436\u043d\u044b\u0435 \u044d\u043b\u0435\u043c\u0435\u043d\u0442\u044b \u043a\u043e\u043c\u043f\u043b\u0435\u043a\u0442\u0443\u044e\u0442\u0441\u044f \u0441\u0442\u0435\u043a\u043b\u043e\u043c \u043a\u0440\u0435\u0437\u0435\u0442", "price": "65000.00", "quantity": 8, "is_active": true}}, {"model": "mainapp.product", "pk": 6, "fields": {"category": 5, "name": "\u041a\u0423\u0425\u041d\u042f \u0414\u0415\u041b\u0418 04", "image": "products_images/\u043a\u0443\u0445\u043d\u044f02.jpg", "short_desc": "\u043a\u043e\u043c\u043f\u043b\u0435\u043a\u0442\u0430\u0446\u0438\u044f: \u043d\u0430\u0431\u0438\u0440\u0430\u0435\u0442\u0441\u044f \u043f\u043e\u044d\u043b\u0435\u043c\u0435\u043d\u0442\u043d\u043e", "description": "1. \u0432\u0441\u0435 \u043f\u0440\u0435\u0434\u043c\u0435\u0442\u044b, \u0443\u043a\u0430\u0437\u0430\u043d\u043d\u044b\u0435 \u043d\u0430 \u0444\u043e\u0442\u043e \u0441 \u0444\u0443\u0440\u043d\u0438\u0442\u0443\u0440\u043e\u0439 (\u0431\u0435\u0437 \u0431\u044b\u0442\u043e\u0432\u043e\u0439 \u0442\u0435\u0445\u043d\u0438\u043a\u0438 \u0438 \u0434\u043e\u043f\u043e\u043b\u043d\u0438\u0442\u0435\u043b\u044c\u043d\u043e\u0439 \u043a\u043e\u043c\u043f\u043b\u0435\u043a\u0442\u0430\u0446\u0438\u0438)\r\n2. \u0441\u0442\u043e\u043b\u0435\u0448\u043d\u0438\u0446\u0430 \u0442\u043e\u043b\u0449\u0438\u043d\u043e\u0439 28\u043c\u043c. \u0446\u0432\u0435\u0442: \u0418\u0442\u0430\u043b\u044c\u044f\u043d\u0441\u043a\u0430\u044f \u043c\u043e\u0437\u0430\u0438\u043a\u0430, \u0440\u0430\u0437\u0434\u0435\u043b\u044c\u043d\u0430\u044f \u0434\u043b\u044f \u043a\u0430\u0436\u0434\u043e\u0433\u043e \u043f\u0440\u0435\u0434\u043c\u0435\u0442\u0430\r\n3. \u0435\u0441\u0442\u044c \u0432\u043e\u0437\u043c\u043e\u0436\u043d\u043e\u0441\u0442\u044c \u0438\u0437\u0433\u043e\u0442\u043e\u0432\u043b\u0435\u043d\u0438\u044f \u0446\u0435\u043b\u044c\u043d\u043e\u0439 \u0441\u0442\u043e\u043b\u0435\u0448\u043d\u0438\u0446\u044b \u0437\u0430 \u0434\u043e\u043f\u043e\u043b\u043d\u0438\u0442\u0435\u043b\u044c\u043d\u0443\u044e \u043f\u043b\u0430\u0442\u0443\r\n4. \u0432\u0438\u0442\u0440\u0430\u0436\u043d\u044b\u0435 \u044d\u043b\u0435\u043c\u0435\u043d\u0442\u044b \u043a\u043e\u043c\u043f\u043b\u0435\u043a\u0442\u0443\u044e\u0442\u0441\u044f \u0441\u0442\u0435\u043a\u043b\u043e\u043c \u043a\u0440\u0435\u0437\u0435\u0442", "price": "22800.00", "quantity": 6, "is_active": true}}, {"model": "mainapp.product", "pk": 7, "fields": {"category": 6, "name": "\u0421\u0442\u043e\u043b \u21161", "image": "products_images/\u0421\u0442\u043e\u043b1.jpg", "short_desc": "\u0412\u043e\u0442 \u0442\u0430\u043a\u043e\u0439 \u0441\u0442\u043e\u043b", "description": "\u041e\u043f\u0438\u0441\u0430\u043d\u0438\u0435 \u0441\u0442\u043e\u043b\u0430 \u21161 . \u0421\u0442\u043e\u043b \u0434\u0435\u0440\u0435\u0432\u044f\u043d\u043d\u044b\u0439, \u0447\u0435\u0442\u044b\u0440\u0435 \u043d\u043e\u0433\u0438.", "price": "12500.00", "quantity": 7, "is_active": true}}, {"model": "mainapp.product", "pk": 8, "fields": {"category": 6, "name": "\u0421\u0442\u043e\u043b \u21162", "image": "products_images/\u0421\u0442\u043e\u043b2.jpg", "short_desc": "\u0412\u043e\u0442 \u0442\u0430\u043a\u043e\u0439 \u0441\u0442\u043e\u043b \u21162", "description": "\u041e\u043f\u0438\u0441\u0430\u043d\u0438\u0435 \u0441\u0442\u043e\u043b\u0430 \u21162 . \u0421\u0442\u043e\u043b \u043a\u0430\u043a \u0441\u0442\u043e\u043b - \u0431\u0435\u0440\u0438 \u0438 \u043f\u043e\u043b\u044c\u0437\u0443\u0439\u0441\u044f", "price": "10500.00", "quantity": 5, "is_active": true}}, {"model": "mainapp.product", "pk": 9, "fields": {"category": 7, "name": "\u0413\u0430\u0440\u0434\u0435\u0440\u043e\u0431 1", "image": "products_images/\u0413\u0430\u0440\u0434\u0435\u0440\u043e\u04311.jpg", "short_desc": "\u042d\u0442\u043e \u0433\u0430\u0440\u0434\u0435\u0440\u043e\u0431 1", "description": "\u041e\u043f\u0438\u0441\u0430\u043d\u0438\u0435 \u0433\u0430\u0440\u0434\u0435\u0440\u043e\u0431\u0430 1 . \u0412\u0441\u0435 \u043f\u0440\u043e \u0433\u0430\u0440\u0434\u0435\u0440\u043e\u0431.", "price": "23500.00", "quantity": 7, "is_active": true}}, {"model": "mainapp.product", "pk": 10, "fields": {"category": 7, "name": "\u0413\u0430\u0440\u0434\u0435\u0440\u043e\u0431 2", "image": "products_images/\u0413\u0430\u0440\u0434\u0435\u0440\u043e\u04312.webp", "short_desc": "\u0433\u0430\u0440\u0434\u0435\u0440\u043e\u0431 2 - \u0433\u0430\u0440\u0434\u0435\u0440\u043e\u0431 2", "description": "\u041e\u043f\u0438\u0441\u0430\u043d\u0438\u0435 \u0433\u0430\u0440\u0434\u0435\u0440\u043e\u0431\u0430 2 . \u0412\u0441\u0435 \u043f\u0440\u043e \u0433\u0430\u0440\u0434\u0435\u0440\u043e\u0431 2........", "price": "9500.00", "quantity": 11, "is_active": true}}, {"model": "mainapp.product", "pk": 11, "fields": {"category": 2, "name": "\u0421\u0442\u0443\u043b \u00ab\u041b\u0443\u0438 / \u0424\u0443\u043a\u0441\u0438\u044f\u00bb", "image": "products_images/Stul_Lui_SS9a7lO.jpg", "short_desc": "\u0431\u0430\u0440\u0445\u0430\u0442, \u043b\u0435\u0441\u043d\u043e\u0439 \u043e\u0440\u0435\u0445", "description": "\u0414\u043b\u044f \u0441\u0442\u0443\u043b\u044c\u0435\u0432, \u0437\u0430\u043d\u0438\u043c\u0430\u044e\u0449\u0438\u0445 \u0446\u0435\u043d\u0442\u0440 \u043e\u0431\u0441\u0442\u0430\u043d\u043e\u0432\u043a\u0438, \u0432\u044b\u0431\u043e\u0440 \u0446\u0432\u0435\u0442\u0430 \u0432\u0430\u0436\u0435\u043d \u043d\u0435 \u043c\u0435\u043d\u0435\u0435, \u0447\u0435\u043c \u0432\u044b\u043d\u043e\u0441\u043b\u0438\u0432\u043e\u0441\u0442\u044c \u0438 \u0434\u043e\u043b\u0433\u043e\u0432\u0435\u0447\u043d\u043e\u0441\u0442\u044c", "price": "8950.00", "quantity": 4, "is_active": true}}, {"model": "mainapp.product", "pk": 12, "fields": {"category": 2, "name": "\u0421\u0442\u0443\u043b \u042d\u0442\u044e\u0434 \u04224", "image": "products_images/Stul_Etud_OdtJx96.jpg", "short_desc": "\u0422\u0435\u043a\u0441\u0442\u0438\u043b\u044c, \u043c\u0430\u0441\u0441\u0438\u0432, \u0431\u0435\u0436\u0435\u0432\u044b\u0439", "description": "\u0421\u0442\u0440\u0430\u043d\u0430 \u043f\u0440\u043e\u0438\u0437\u0432\u043e\u0434\u0438\u0442\u0435\u043b\u044c \u0420\u043e\u0441\u0441\u0438\u044f\r\n\u0413\u0430\u0431\u0430\u0440\u0438\u0442\u044b \u0442\u043e\u0432\u0430\u0440\u0430 \u0421\u0440\u0435\u0434\u043d\u0435\u0433\u0430\u0431\u0430\u0440\u0438\u0442\r\n\u041c\u0430\u0442\u0435\u0440\u0438\u0430\u043b \u043d\u043e\u0436\u0435\u043a \u041c\u0430\u0441\u0441\u0438\u0432\r\n\u0426\u0432\u0435\u0442 \u043a\u0430\u0440\u043a\u0430\u0441\u0430 \u041e\u0440\u0435\u0445, \u041a\u043e\u0440\u0438\u0447\u043d\u0435\u0432\u044b\u0439, \u041a\u043e\u0440\u0438\u0447\u043d\u0435\u0432\u044b\u0439 \u0442\u0435\u043c\u043d\u044b\u0439\r\n\u0420\u0430\u0437\u043c\u0435\u0440 (\u0428\u0445\u0412\u0445\u0413, \u0441\u043c) 51,5\u0445100\u044543,5\r\n\u0426\u0432\u0435\u0442 \u043d\u043e\u0436\u0435\u043a \u041e\u0440\u0435\u0445\r\n\u0421\u0440\u043e\u043a\u0438 \u0434\u043e\u0441\u0442\u0430\u0432\u043a\u0438 (\u0434\u043d\u0438) 5", "price": "7000.00", "quantity": 0, "is_active": true}}, {"model": "mainapp.product", "pk": 13, "fields": {"category": 2, "name": "\u0421\u0442\u0443\u043b \u0434\u043b\u044f \u043f\u043e\u0441\u0435\u0442\u0438\u0442\u0435\u043b\u0435\u0439", "image": "products_images/Stul_office_eEBg3uF.jpeg", "short_desc": "\u0421\u0442\u0430\u043d\u0434\u0430\u0440\u0442 \u0447\u0435\u0440\u043d\u044b\u0439 (\u0442\u043a\u0430\u043d\u044c/\u0447\u0435\u0440\u043d\u044b\u0439 \u043c\u0435\u0442\u0430\u043b\u043b)", "description": "\u041e\u0444\u0438\u0441\u043d\u044b\u0439 \u0441\u0442\u0443\u043b \u0434\u043b\u044f \u043f\u043e\u0441\u0435\u0442\u0438\u0442\u0435\u043b\u0435\u0439 \u0421\u0442\u0430\u043d\u0434\u0430\u0440\u0442 \u0441\u043e \u0441\u043f\u0438\u043d\u043a\u043e\u0439 \u0438\u0437 \u0442\u043a\u0430\u043d\u0438 \u0447\u0435\u0440\u043d\u043e\u0433\u043e \u0446\u0432\u0435\u0442\u0430. \u041a\u0430\u0440\u043a\u0430\u0441 \u0432\u044b\u043f\u043e\u043b\u043d\u0435\u043d \u0438\u0437 \u043c\u0435\u0442\u0430\u043b\u043b\u0430 \u0441 \u0438\u0437\u043d\u043e\u0441\u043e\u0441\u0442\u043e\u0439\u043a\u0438\u043c \u043d\u0430\u043f\u044b\u043b\u0435\u043d\u0438\u0435\u043c \u0447\u0435\u0440\u043d\u043e\u0433\u043e \u043c\u0435\u0442\u0430\u043b\u043b\u0430.", "price": "3500.00", "quantity": 11, "is_active": true}}, {"model": "mainapp.product", "pk": 14, "fields": {"category": 3, "name": "\u0414\u0438\u0432\u0430\u043d \u041c\u0430\u0434\u0435\u0439\u0440\u0430 Lux", "image": "products_images/\u041c\u0430\u0434\u0435\u0439\u0440\u0430_\u043b\u044e\u043a\u0441.jpg", "short_desc": "\u0432\u0435\u043b\u044e\u0440, \u0438\u0441\u043a\u0443\u0441\u0441\u0442\u0432\u0435\u043d\u043d\u0430\u044f \u043a\u043e\u0436\u0430", "description": "\u0414\u0438\u0432\u0430\u043d \u041c\u0430\u0434\u0435\u0439\u0440\u0430 Lux \u043f\u043e\u043c\u043e\u0436\u0435\u0442 \u0441\u0434\u0435\u043b\u0430\u0442\u044c \u043f\u0440\u043e\u0441\u043c\u043e\u0442\u0440 \u043d\u043e\u0432\u043e\u0433\u043e \u0444\u0438\u043b\u044c\u043c\u0430 \u0432 \u043a\u0440\u0443\u0433\u0443 \u0441\u0435\u043c\u044c\u0438 \u0438\u043b\u0438 \u0434\u0440\u0443\u0437\u0435\u0439 \u043d\u0435 \u0442\u043e\u043b\u044c\u043a\u043e \u0443\u0432\u043b\u0435\u043a\u0430\u0442\u0435\u043b\u044c\u043d\u044b\u043c, \u043d\u043e \u0438 \u043c\u0430\u043a\u0441\u0438\u043c\u0430\u043b\u044c\u043d\u043e \u043a\u043e\u043c\u0444\u043e\u0440\u0442\u043d\u044b\u043c", "price": "59900.00", "quantity": 10, "is_active": false}}, {"model": "mainapp.product", "pk": 15, "fields": {"category": 3, "name": "\u0423\u0433\u043b\u043e\u0432\u043e\u0439 \u0434\u0438\u0432\u0430\u043d-\u043a\u0440\u043e\u0432\u0430\u0442\u044c \u0421\u0442\u0435\u0444\u0430\u043d\u0438", "image": "products_images/\u0414\u0438\u0432\u0430\u043d-\u0421\u0442\u0435\u0444\u0430\u043d\u0438.jpg", "short_desc": "\u0421\u0442\u0435\u0444\u0430\u043d\u0438, \u0420\u043e\u0441\u0441\u0438\u044f , 18 \u043c\u0435\u0441\u044f\u0446\u0435\u0432", "description": "\u0423\u0433\u043b\u043e\u0432\u043e\u0439 \u0434\u0438\u0432\u0430\u043d \u0421\u0442\u0435\u0444\u0430\u043d\u0438 \u0441 \u0431\u0430\u0440\u0445\u0430\u0442\u0438\u0441\u0442\u043e\u0439 \u043e\u0431\u0438\u0432\u043a\u043e\u0439 \u0432\u044b\u043f\u043e\u043b\u043d\u0435\u043d \u0432 \u043a\u043e\u043d\u0442\u0440\u0430\u0441\u0442\u043d\u043e\u0439 \u0446\u0432\u0435\u0442\u043e\u0432\u043e\u0439 \u0433\u0430\u043c\u043c\u0435. \u042d\u043b\u0435\u0433\u0430\u043d\u0442\u043d\u0430\u044f \u0433\u0435\u043e\u043c\u0435\u0442\u0440\u0438\u044f \u043f\u043e\u0434\u043b\u043e\u043a\u043e\u0442\u043d\u0438\u043a\u043e\u0432 \u043f\u0440\u0438\u0432\u043d\u043e\u0441\u0438\u0442 \u0432 \u0434\u0438\u0437\u0430\u0439\u043d \u0438\u0437\u044f\u0449\u043d\u0443\u044e \u0434\u0435\u043a\u043e\u0440\u0430\u0442\u0438\u0432\u043d\u043e\u0441\u0442\u044c. \u041c\u043d\u043e\u0436\u0435\u0441\u0442\u0432\u043e \u043c\u044f\u0433\u043a\u0438\u0445 \u043f\u043e\u0434\u0443\u0448\u0435\u0447\u0435\u043a \u0441\u043e\u0437\u0434\u0430\u044e\u0442 \u043e\u0449\u0443\u0449\u0435\u043d\u0438\u0435 \u0443\u044e\u0442\u0430.", "price": "37700.00", "quantity": 12, "is_active": true}}, {"model": "mainapp.product", "pk": 16, "fields": {"category": 3, "name": "\u0414\u0438\u0432\u0430\u043d-\u043a\u0440\u043e\u0432\u0430\u0442\u044c \u041c\u044d\u0434\u0438\u0441\u043e\u043d", "image": "products_images/\u041c\u0435\u0434\u0438\u0441\u043e\u043d.jpg", "short_desc": "\u0414\u0438\u0432\u0430\u043d-\u043a\u0440\u043e\u0432\u0430\u0442\u044c", "description": "\u0414\u0438\u0432\u0430\u043d-\u043a\u0440\u043e\u0432\u0430\u0442\u044c \u041c\u044d\u0434\u0438\u0441\u043e\u043d \u0441 \u0441\u0438\u0441\u0442\u0435\u043c\u043e\u0439 \u0442\u0440\u0430\u043d\u0441\u0444\u043e\u0440\u043c\u0430\u0446\u0438\u0438 \u00ab\u0415\u0432\u0440\u043e\u043a\u043d\u0438\u0436\u043a\u0430\u00bb (\u00ab\u0410\u043b\u044c\u0442\u0435\u0440\u043d\u0430\u0442\u0438\u0432\u0430\u00bb) \u043f\u0440\u0435\u0434\u043d\u0430\u0437\u043d\u0430\u0447\u0435\u043d \u0434\u043b\u044f \u0435\u0436\u0435\u0434\u043d\u0435\u0432\u043d\u043e\u0433\u043e \u0438\u0441\u043f\u043e\u043b\u044c\u0437\u043e\u0432\u0430\u043d\u0438\u044f. \u0412\u044b\u043a\u0430\u0442\u043d\u044b\u0435 \u0441\u0438\u0434\u0435\u043d\u044c\u044f \u0438 \u043e\u0442\u043a\u0438\u0434\u043d\u044b\u0435 \u0441\u043f\u0438\u043d\u043a\u0438 \u043e\u0431\u0440\u0430\u0437\u0443\u044e\u0442 \u0441\u043f\u0430\u043b\u044c\u043d\u043e\u0435 \u043c\u0435\u0441\u0442\u043e.", "price": "41999.00", "quantity": 3, "is_active": true}}, {"model": "mainapp.product", "pk": 17, "fields": {"category": 4, "name": "\u0428\u043a\u0430\u0444 \u0417\u043e\u0434\u0438\u0430\u043a", "image": "products_images/\u0417\u043e\u0434\u0438\u0430\u043a.jpg", "short_desc": "\u0420\u0430\u0441\u043f\u0430\u0448\u043d\u043e\u0439 \u0448\u043a\u0430\u0444", "description": "\u041d\u0430\u043f\u043e\u043b\u043d\u0435\u043d\u0438\u0435 \u0448\u043a\u0430\u0444\u0430: \u0431\u0435\u043b\u044c\u0435\u0432\u043e\u0435 \u043e\u0442\u0434\u0435\u043b\u0435\u043d\u0438\u0435 \u0441 \u043f\u043e\u043b\u043a\u0430\u043c\u0438 (3 \u043f\u043e\u043b\u043a\u0438) \u0438 \u043f\u043b\u0430\u0442\u044f\u043d\u043e\u0435 \u043e\u0442\u0434\u0435\u043b\u0435\u043d\u0438\u0435 (\u0441 \u043f\u043e\u043b\u043a\u043e\u0439 \u0438 \u0448\u0442\u0430\u043d\u0433\u043e\u0439)\r\n\u041c\u0430\u0442\u0435\u0440\u0438\u0430\u043b: \u041b\u0414\u0421\u041f\r\n\u041f\u0440\u0438\u043c\u0435\u0447\u0430\u043d\u0438\u0435: \u0432\u043e\u0437\u043c\u043e\u0436\u043d\u043e \u0438\u0441\u043f\u043e\u043b\u043d\u0435\u043d\u0438\u0435 \u0432 \u0437\u0435\u0440\u043a\u0430\u043b\u044c\u043d\u043e\u043c \u043e\u0442\u043e\u0431\u0440\u0430\u0436\u0435\u043d\u0438\u0438, \u043f\u043e\u0441\u0442\u0430\u0432\u043b\u044f\u0435\u0442\u0441\u044f \u0432 \u0440\u0430\u0437\u043e\u0431\u0440\u0430\u043d\u043d\u043e\u043c \u0432\u0438\u0434\u0435", "price": "10750.00", "quantity": 9, "is_active": true}}, {"model": "mainapp.product", "pk": 18, "fields": {"category": 4, "name": "\u0428\u043a\u0430\u0444 Trio", "image": "products_images/\u0428\u043a\u0430\u0444_\u0422\u0440\u0438\u043e.jpg", "short_desc": "\u0414\u0432\u0443\u0445\u0434\u0432\u0435\u0440\u043d\u044b\u0439 \u0448\u043a\u0430\u0444", "description": "\u0412\u0435\u0448\u0430\u043b\u043a\u0430 \u0430\u043b\u044e\u043c\u0438\u043d\u0438\u0435\u0432\u0430\u044f \u0441\u043e \u0432\u0441\u0442\u0440\u043e\u0435\u043d\u043d\u044b\u043c \u0441\u0432\u0435\u0442\u043e\u0434\u0438\u043e\u0434\u043d\u044b\u043c \u043e\u0441\u0432\u0435\u0449\u0435\u043d\u0438\u0435\u043c \u0438 \u0441 \u0434\u0430\u0442\u0447\u0438\u043a\u0430\u043c\u0438 \u0440\u0435\u0430\u0433\u0438\u0440\u0443\u044e\u0449\u0438\u043c\u0438 \u043d\u0430 \u0434\u0432\u0438\u0436\u0435\u043d\u0438\u0435, \u043e\u0441\u043d\u0430\u0449\u0435\u043d\u043d\u044b\u0435 \u0431\u0430\u0442\u0430\u0440\u0435\u0439\u043a\u0430\u043c\u0438.\u0423\u0441\u0442\u0430\u043d\u043e\u0432\u043b\u0435\u043d\u043d\u044b\u0435 \u0434\u043e\u0432\u043e\u0434\u0447\u0438\u043a\u0438 \u0441\u043f\u043e\u0441\u043e\u0431\u0441\u0442\u0432\u0443\u0435\u0442 \u043f\u043b\u0430\u0432\u043d\u043e\u043c\u0443 \u0437\u0430\u043a\u0440\u044b\u0442\u0438\u044e \u0434\u0432\u0435\u0440\u0446\u044b \u0448\u043a\u0430\u0444\u0447\u0438\u043a\u0430, \u0447\u0442\u043e \u043f\u043e\u043b\u043d\u043e\u0441\u0442\u044c\u044e \u0438\u0441\u043a\u043b\u044e\u0447\u0430\u0435\u0442 \u0440\u0435\u0437\u043a\u0438\u0435 \u0449\u0435\u043b\u0447\u043a\u0438 \u0438 \u0441\u0442\u0443\u043a.", "price": "41199.00", "quantity": 7, "is_active": true}}, {"model": "mainapp.product", "pk": 19, "fields": {"category": 6, "name": "\u0421\u0442\u043e\u043b \u041c\u0438\u043b\u0430\u043d-5", "image": "products_images/\u0421\u0442\u043e\u043b_\u041c\u0438\u043b\u0430\u043d.jpg", "short_desc": "\u0421\u0442\u043e\u043b \u0434\u043b\u044f \u0440\u0430\u0431\u043e\u0442\u044b", "description": "\u041d\u0435\u0431\u043e\u043b\u044c\u0448\u043e\u0439 \u0441\u0442\u043e\u043b \u0434\u043b\u044f \u0434\u043e\u043c\u0430\u0448\u043d\u0435\u0433\u043e \u043a\u0430\u0431\u0438\u043d\u0435\u0442\u0430, \u0438\u0437\u0433\u043e\u0442\u043e\u0432\u043b\u0435\u043d \u0438\u0437 \u0414\u0421\u041f 16 \u043c\u043c, \u043a\u0440\u043e\u043c\u043a\u0430 0,4 \u043c\u043c. \u0426\u0432\u0435\u0442 \u0441\u0442\u043e\u043b\u0430  - \u0434\u0443\u0431 \u0441\u043e\u043d\u043e\u043c\u0430. \u0414\u043b\u044f \u0441\u043e\u0437\u0434\u0430\u043d\u0438\u044f \u0444\u0443\u043d\u043a\u0446\u0438\u043e\u043d\u0430\u043b\u044c\u043d\u043e\u0433\u043e \u0440\u0430\u0431\u043e\u0447\u0435\u0433\u043e \u043c\u0435\u0441\u0442\u0430", "price": "2199.00", "quantity": 6, "is_active": false}}, {"model": "mainapp.product", "pk": 20, "fields": {"category": 6, "name": "\u0421\u0442\u043e\u043b \u0414\u0440\u043e\u0444\u0430", "image": "products_images/\u0421\u0442\u043e\u043b_\u0414\u0440\u043e\u0444\u0430.jpg", "short_desc": "\u041a\u043e\u043c\u043f\u044c\u044e\u0442\u0435\u0440\u043d\u044b\u0439 \u0441\u0442\u043e\u043b", "description": "\u0415\u0441\u043b\u0438 \u0412\u044b \u0445\u043e\u0442\u0438\u0442\u0435 \u043f\u0440\u0438\u043e\u0431\u0440\u0435\u0441\u0442\u0438 \u0443\u0434\u043e\u0431\u043d\u044b\u0439 \u043a\u043e\u043c\u043f\u044c\u044e\u0442\u0435\u0440\u043d\u044b\u0439 \u0441\u0442\u043e\u043b \u0434\u043b\u044f \u0412\u0430\u0448\u0435\u0433\u043e \u0434\u043e\u043c\u0430 \u0438\u043b\u0438 \u043e\u0444\u0438\u0441\u0430, \u0442\u043e \u0440\u0435\u043a\u043e\u043c\u0435\u043d\u0434\u0443\u0435\u043c \u0412\u0430\u043c \u043e\u0431\u0440\u0430\u0442\u0438\u0442\u044c \u0432\u043d\u0438\u043c\u0430\u043d\u0438\u0435 \u043d\u0430 \u043a\u043e\u043c\u043f\u044c\u044e\u0442\u0435\u0440\u043d\u044b\u0439 \u0441\u0442\u043e\u043b \u041a\u0421-14\u041c \u0414\u0440\u043e\u0444\u0430.", "price": "8100.00", "quantity": 12, "is_active": true}}, {"model": "mainapp.product", "pk": 21, "fields": {"category": 6, "name": "\u0421\u0442\u043e\u043b \u0413\u0440\u0430\u043d\u0434-2", "image": "products_images/\u0421\u0442\u043e\u043b_\u041e\u0431\u0435\u0434\u0435\u043d\u043d\u044b\u0439.jpg", "short_desc": "\u0421\u0442\u043e\u043b \u0432 \u0433\u043e\u0441\u0442\u0438\u043d\u0443\u044e", "description": "\u041e\u0431\u0435\u0434\u0435\u043d\u043d\u044b\u0439 \u0441\u0442\u043e\u043b \u0413\u0440\u0430\u043d\u0434 \u043f\u043e\u043b\u043d\u043e\u0441\u0442\u044c\u044e \u0441\u043e\u043e\u0442\u0432\u0435\u0442\u0441\u0442\u0432\u0443\u0435\u0442 \u0441\u0432\u043e\u0435\u043c\u0443 \u043d\u0430\u0437\u0432\u0430\u043d\u0438\u044e \u2013 \u0432\u043e\u043a\u0440\u0443\u0433 \u043d\u0435\u0433\u043e \u043c\u043e\u0436\u043d\u043e \u0441 \u043a\u043e\u043c\u0444\u043e\u0440\u0442\u043e\u043c \u0440\u0430\u0441\u0441\u0430\u0434\u0438\u0442\u044c \u0432\u0441\u0435\u0445 \u0433\u043e\u0441\u0442\u0435\u0439. \u041a\u043e\u043d\u0441\u0442\u0440\u0443\u043a\u0446\u0438\u044f \u0441\u0442\u043e\u043b\u0430 \u043f\u043e\u0437\u0432\u043e\u043b\u044f\u0435\u0442 \u0440\u0435\u0433\u0443\u043b\u0438\u0440\u043e\u0432\u0430\u0442\u044c \u0443\u0432\u0435\u043b\u0438\u0447\u0435\u043d\u0438\u0435 \u0434\u043b\u0438\u043d\u044b \u0441\u0442\u043e\u043b\u0435\u0448\u043d\u0438\u0446\u044b", "price": "34999.00", "quantity": 8, "is_active": true}}, {"model": "mainapp.product", "pk": 24, "fields": {"category": 5, "name": "\u041a\u0443\u0445\u043e\u043d\u043d\u044b\u0439 \u0433\u0430\u0440\u043d\u0438\u0442\u0443\u0440 \u0411\u043b\u0430\u043d\u043a\u0430", "image": "products_images/\u041a\u0443\u043d\u043d\u044f_\u0411\u043b\u0430\u043d\u043a\u0430.jpg", "short_desc": "\u0414\u043b\u044f \u043c\u0430\u043b\u0435\u043d\u044c\u043a\u043e\u0439 \u043a\u0443\u0445\u043d\u0438", "description": "\u0413\u0430\u0440\u043d\u0438\u0442\u0443\u0440 \u0437\u0430\u043d\u0438\u043c\u0430\u0435\u0442 \u043d\u0435\u043c\u043d\u043e\u0433\u043e \u043c\u0435\u0441\u0442\u0430, \u043e\u0447\u0435\u043d\u044c \u0432\u043c\u0435\u0441\u0442\u0438\u0442\u0435\u043b\u0435\u043d, \u0443\u0434\u043e\u0431\u0435\u043d, \u0434\u043b\u044f \u043c\u0430\u043b\u0435\u043d\u044c\u043a\u043e\u0433\u043e \u043f\u043e\u043c\u0435\u0449\u0435\u043d\u0438\u044f- \u0441\u0430\u043c\u043e\u0435 \u0422\u041e.", "price": "18890.00", "quantity": 5, "is_active": true}}, {"model": "mainapp.product", "pk": 25, "fields": {"category": 7, "name": "\u0412\u0435\u0448\u0430\u043b\u043a\u0430-\u0433\u0430\u0440\u0434\u0435\u0440\u043e\u0431 Sheffilton", "image": "products_images/\u0412\u0435\u0448\u0430\u043b\u043a\u0430.jpg", "short_desc": "(\u043c\u0435\u0442\u0430\u043b\u043b/\u043f\u043b\u0430\u0441\u0442\u0438\u043a/\u043f\u043b\u043e\u0442\u043d\u0430\u044f \u0442\u043a\u0430\u043d\u044c)", "description": "\u0412\u0435\u0448\u0430\u043b\u043a\u0430 \u0445\u043e\u0440\u043e\u0448\u0435\u0433\u043e \u043a\u0430\u0447\u0435\u0441\u0442\u0432\u0430, \u043e\u0447\u0435\u043d\u044c \u043b\u0435\u0433\u043a\u043e \u0441\u043e\u0431\u0438\u0440\u0430\u0435\u0442\u0441\u044f. \u0412\u0435\u043b\u0438\u043a\u043e\u043b\u0435\u043f\u043d\u044b\u0439 \u0432\u0430\u0440\u0438\u0430\u043d\u0442 \u0434\u043b\u044f \u0442\u0435\u0445, \u043a\u0442\u043e \u0436\u0438\u0432\u0451\u0442 \u043d\u0430 \u0441\u044a\u0451\u043c\u043d\u043e\u0439 \u043a\u0432\u0430\u0440\u0442\u0438\u0440\u0435 \u0438\u043b\u0438 \u0442\u043e\u043b\u044c\u043a\u043e \u0432\u044a\u0435\u0445\u0430\u043b \u0432 \u0441\u0432\u043e\u044e \u043d\u043e\u0432\u0443\u044e.", "price": "1540.00", "quantity": 9, "is_active": true}}, {"model": "mainapp.product", "pk": 26, "fields": {"category": 7, "name": "\u0413\u0430\u0440\u0434\u0435\u0440\u043e\u0431 \u0434\u0435\u0442\u0441\u043a\u0438\u0439 babystep", "image": "products_images/\u0414\u0435\u0442\u0441\u043a\u0438\u0439_\u0413\u0430\u0440\u0434\u0435\u0440\u043e\u0431.jpeg", "short_desc": "\u041a\u043b\u0430\u0441\u0441\u0438\u043a\u0430, 1230 \u0437\u0430\u043a\u0440\u044b\u0442\u044b\u0439 \u0441\u043e \u0441\u044a\u0435\u043c\u043d\u043e\u0439 \u043f\u043e\u043b\u043a\u043e\u0439", "description": "\u0413\u0430\u0440\u0434\u0435\u0440\u043e\u0431 \u0432\u043a\u043b\u044e\u0447\u0430\u0435\u0442:\r\n1) \u041f\u043e\u043b\u043e\u0447\u043a\u0438 \u0438 \u0448\u0442\u0430\u043d\u0433\u0443, \u0447\u0442\u043e\u0431\u044b \u0432\u0435\u0448\u0430\u0442\u044c \u043e\u0434\u0435\u0436\u0434\u0443\r\n2) \u041d\u0438\u0436\u043d\u044e\u044e \u0441\u044a\u0435\u043c\u043d\u0443\u044e \u043f\u043e\u043b\u043a\u0443, \u043a\u043e\u0442\u043e\u0440\u0443\u044e \u043c\u043e\u0436\u043d\u043e \u0438\u0441\u043f\u043e\u043b\u044c\u0437\u043e\u0432\u0430\u0442\u044c \u043a\u0430\u043a \u043e\u0442\u0434\u0435\u043b\u044c\u043d\u0443\u044e \u0442\u0443\u043c\u0431\u0443\r\n3) \u041a\u0440\u0443\u0433\u043b\u044b\u0435 \u0434\u0435\u0440\u0435\u0432\u044f\u043d\u043d\u044b\u0435 \u0440\u0443\u0447\u043a\u0438, \u0443\u0434\u043e\u0431\u043d\u044b\u0435 \u0434\u043b\u044f \u0437\u0430\u0445\u0432\u0430\u0442\u0430 \u0434\u0435\u0442\u0441\u043a\u043e\u0439 \u0440\u0443\u043a\u043e\u0439\r\n4) \u0414\u0432\u0435\u0440\u0446\u044b \u0441 \u0430\u0432\u0442\u043e\u0434\u043e\u0432\u043e\u0434\u0447\u0438\u043a\u0430\u043c\u0438\r\n5) \u041d\u043e\u0436\u043a\u0438, \u043a\u043e\u0442\u043e\u0440\u044b\u0435 \u043f\u043e\u0437\u0432\u043e\u043b\u044f\u044e\u0442 \u0440\u0435\u0433\u0443\u043b\u0438\u0440\u043e\u0432\u0430\u0442\u044c \u0432\u044b\u0441\u043e\u0442\u0443 \u0433\u0430\u0440\u0434\u0435\u0440\u043e\u0431\u0430\r\n6) \u041a\u043e\u043c\u043f\u043b\u0435\u043a\u0442 \u043a\u0440\u0435\u043f\u043b\u0435\u043d\u0438\u0439 \u043a \u0441\u0442\u0435\u043d\u0435", "price": "6950.00", "quantity": 15, "is_active": true}}, {"model": "mainapp.contacts", "pk": 1, "fields": {"name": "\u0410\u0434\u0440\u0435\u04411", "city": "\u041c\u043e\u0441\u043a\u0432\u0430", "email": "mail@mail.ru", "phone": "+7-495-777-88-99", "adress": "\u041a\u0443\u0442\u0443\u0437\u043e\u0432\u0441\u043a\u0438\u0439 \u043f\u0440-\u043a, 31"}}, {"model": "mainapp.contacts", "pk": 2, "fields": {"name": "\u0410\u0434\u0440\u0435\u04412", "city": "\u0421\u043e\u0447\u0438", "email": "blabla@mail.ru", "phone": "+7-910-546-83-11", "adress": "\u041f\u043e\u043b\u044f\u043d\u043a\u0430 1"}}, {"model": "mainapp.contacts", "pk": 3, "fields": {"name": "\u0410\u0434\u0440\u0435\u0441 3", "city": "\u041a\u0430\u0437\u0430\u043d\u044c", "email": "kazan@mail.ru", "phone": "+7-000-546-00-11", "adress": "\u041d\u0430\u0431\u0435\u0440\u0435\u0436\u043d\u0430\u044f 22"}}, {"model": "ordersapp.orderitem", "pk": 1, "fields": {"order": 1, "product": 25, "quantity": 2}}, {"model": "ordersapp.orderitem", "pk": 2, "fields": {"order": 1, "product": 15, "quantity": 1}}, {"model": "ordersapp.orderitem", "pk": 3, "fields": {"order": 2, "product": 26, "quantity": 2}}, {"model": "ordersapp.orderitem", "pk": 4, "fields": {"order": 2, "product": 10, "quantity": 2}}, {"model": "ordersapp.orderitem", "pk": 5, "fields": {"order": 3, "product": 25, "quantity": 2}}, {"model": "ordersapp.orderitem", "pk": 6, "fields": {"order": 3, "product": 3, "quantity": 1}}, {"model": "ordersapp.orderitem", "pk": 7, "fields": {"order": 3, "product": 8, "quantity": 2}}, {"model": "ordersapp.orderitem", "pk": 9, "fields": {"order": 4, "product": 1, "quantity": 1}}, {"model": "ordersapp.orderitem", "pk": 11, "fields": {"order": 5, "product": 25, "quantity": 2}}, {"model": "ordersapp.orderitem", "pk": 12, "fields": {"order": 6, "product": 1, "quantity": 3}}, {"model": "ordersapp.orderitem", "pk": 13, "fields": {"order": 6, "product": 21, "quantity": 3}}, {"model": "ordersapp.orderitem", "pk": 17, "fields": {"order": 4, "product": 12, "quantity": 2}}, {"model": "ordersapp.orderitem", "pk": 18, "fields": {"order": 7, "product": 6, "quantity": 1}}, {"model": "ordersapp.orderitem", "pk": 19, "fields": {"order": 7, "product": 2, "quantity": 1}}, {"model": "ordersapp.orderitem", "pk": 20, "fields": {"order": 7, "product": 1, "quantity": 1}}, {"model": "ordersapp.orderitem", "pk": 21, "fields": {"order": 8, "product": 15, "quantity": 0}}, {"model": "ordersapp.orderitem", "pk": 22, "fields": {"order": 8, "product": 10, "quantity": 1}}, {"model": "ordersapp.orderitem", "pk": 25, "fields": {"order": 8, "product": 12, "quantity": 2}}, {"model": "ordersapp.orderitem", "pk": 26, "fields": {"order": 8, "product": 8, "quantity": 1}}, {"model": "ordersapp.orderitem", "pk": 27, "fields": {"order": 10, "product": 2, "quantity": 7}}, {"model": "ordersapp.orderitem", "pk": 28, "fields": {"order": 10, "product": 10, "quantity": 2}}, {"model": "ordersapp.orderitem", "pk": 29, "fields": {"order": 11, "product": 13, "quantity": 1}}, {"model": "ordersapp.orderitem", "pk": 30, "fields": {"order": 11, "product": 25, "quantity": 1}}, {"model": "ordersapp.orderitem", "pk": 31, "fields": {"order": 13, "product": 1, "quantity": 21}}, {"model": "ordersapp.orderitem", "pk": 32, "fields": {"order": 13, "product": 25, "quantity": 1}}, {"model": "ordersapp.orderitem", "pk": 33, "fields": {"order": 14, "product": 1, "quantity": 4}}, {"model": "ordersapp.orderitem", "pk": 34, "fields": {"order": 14, "product": 11, "quantity": 3}}, {"model": "ordersapp.orderitem", "pk": 35, "fields": {"order": 14, "product": 2, "quantity": 1}}, {"model": "ordersapp.orderitem", "pk": 36, "fields": {"order": 14, "product": 15, "quantity": 1}}, {"model": "ordersapp.orderitem", "pk": 37, "fields": {"order": 14, "product": 16, "quantity": 1}}, {"model": "ordersapp.orderitem", "pk": 38, "fields": {"order": 14, "product": 17, "quantity": 1}}, {"model": "ordersapp.orderitem", "pk": 39, "fields": {"order": 14, "product": 3, "quantity": 1}}, {"model": "ordersapp.orderitem", "pk": 41, "fields": {"order": 14, "product": 24, "quantity": 1}}, {"model": "ordersapp.orderitem", "pk": 42, "fields": {"order": 14, "product": 6, "quantity": 1}}, {"model": "ordersapp.orderitem", "pk": 46, "fields": {"order": 15, "product": 25, "quantity": 2}}, {"model": "ordersapp.orderitem", "pk": 47, "fields": {"order": 15, "product": 13, "quantity": 1}}, {"model": "auth.permission", "pk": 1, "fields": {"name": "Can add log entry", "content_type": 1, "codename": "add_logentry"}}, {"model": "auth.permission", "pk": 2, "fields": {"name": "Can change log entry", "content_type": 1, "codename": "change_logentry"}}, {"model": "auth.permission", "pk": 3, "fields": {"name": "Can delete log entry", "content_type": 1, "codename": "delete_logentry"}}, {"model": "auth.permission", "pk": 4, "fields": {"name": "Can view log entry", "content_type": 1, "codename": "view_logentry"}}, {"model": "auth.permission", "pk": 5, "fields": {"name": "Can add permission", "content_type": 2, "codename": "add_permission"}}, {"model": "auth.permission", "pk": 6, "fields": {"name": "Can change permission", "content_type": 2, "codename": "change_permission"}}, {"model": "auth.permission", "pk": 7, "fields": {"name": "Can delete permission", "content_type": 2, "codename": "delete_permission"}}, {"model": "auth.permission", "pk": 8, "fields": {"name": "Can view permission", "content_type": 2, "codename": "view_permission"}}, {"model": "auth.permission", "pk": 9, "fields": {"name": "Can add group", "content_type": 3, "codename": "add_group"}}, {"model": "auth.permission", "pk": 10, "fields": {"name": "Can change group", "content_type": 3, "codename": "change_group"}}, {"model": "auth.permission", "pk": 11, "fields": {"name": "Can delete group", "content_type": 3, "codename": "delete_group"}}, {"model": "auth.permission", "pk": 12, "fields": {"name": "Can view group", "content_type": 3, "codename": "view_group"}}, {"model": "auth.permission", "pk": 13, "fields": {"name": "Can add content type", "content_type": 4, "codename": "add_contenttype"}}, {"model": "auth.permission", "pk": 14, "fields": {"name": "Can change content type", "content_type": 4, "codename": "change_contenttype"}}, {"model": "auth.permission", "pk": 15, "fields": {"name": "Can delete content type", "content_type": 4, "codename": "delete_contenttype"}}, {"model": "auth.permission", "pk": 16, "fields": {"name": "Can view content type", "content_type": 4, "codename": "view_contenttype"}}, {"model": "auth.permission", "pk": 17, "fields": {"name": "Can add session", "content_type": 5, "codename": "add_session"}}, {"model": "auth.permission", "pk": 18, "fields": {"name": "Can change session", "content_type": 5, "codename": "change_session"}}, {"model": "auth.permission", "pk": 19, "fields": {"name": "Can delete session", "content_type": 5, "codename": "delete_session"}}, {"model": "auth.permission", "pk": 20, "fields": {"name": "Can view session", "content_type": 5, "codename": "view_session"}}, {"model": "auth.permission", "pk": 21, "fields": {"name": "Can add \u043a\u0430\u0442\u0435\u0433\u043e\u0440\u0438\u044f", "content_type": 6, "codename": "add_productcategory"}}, {"model": "auth.permission", "pk": 22, "fields": {"name": "Can change \u043a\u0430\u0442\u0435\u0433\u043e\u0440\u0438\u044f", "content_type": 6, "codename": "change_productcategory"}}, {"model": "auth.permission", "pk": 23, "fields": {"name": "Can delete \u043a\u0430\u0442\u0435\u0433\u043e\u0440\u0438\u044f", "content_type": 6, "codename": "delete_productcategory"}}, {"model": "auth.permission", "pk": 24, "fields": {"name": "Can view \u043a\u0430\u0442\u0435\u0433\u043e\u0440\u0438\u044f", "content_type": 6, "codename": "view_productcategory"}}, {"model": "auth.permission", "pk": 25, "fields": {"name": "Can add \u0442\u043e\u0432\u0430\u0440", "content_type": 7, "codename": "add_product"}}, {"model": "auth.permission", "pk": 26, "fields": {"name": "Can change \u0442\u043e\u0432\u0430\u0440", "content_type": 7, "codename": "change_product"}}, {"model": "auth.permission", "pk": 27, "fields": {"name": "Can delete \u0442\u043e\u0432\u0430\u0440", "content_type": 7, "codename": "delete_product"}}, {"model": "auth.permission", "pk": 28, "fields": {"name": "Can view \u0442\u043e\u0432\u0430\u0440", "content_type": 7, "codename": "view_product"}}, {"model": "auth.permission", "pk": 29, "fields": {"name": "Can add \u043a\u043e\u043d\u0442\u0430\u043a\u0442\u044b", "content_type": 8, "codename": "add_contacts"}}, {"model": "auth.permission", "pk": 30, "fields": {"name": "Can change \u043a\u043e\u043d\u0442\u0430\u043a\u0442\u044b", "content_type": 8, "codename": "change_contacts"}}, {"model": "auth.permission", "pk": 31, "fields": {"name": "Can delete \u043a\u043e\u043d\u0442\u0430\u043a\u0442\u044b", "content_type": 8, "codename": "delete_contacts"}}, {"model": "auth.permission", "pk": 32, "fields": {"name": "Can view \u043a\u043e\u043d\u0442\u0430\u043a\u0442\u044b", "content_type": 8, "codename": "view_contacts"}}, {"model": "auth.permission", "pk": 33, "fields": {"name": "Can add user", "content_type": 9, "codename": "add_shopuser"}}, {"model": "auth.permission", "pk": 34, "fields": {"name": "Can change user", "content_type": 9, "codename": "change_shopuser"}}, {"model": "auth.permission", "pk": 35, "fields": {"name": "Can delete user", "content_type": 9, "codename": "delete_shopuser"}}, {"model": "auth.permission", "pk": 36, "fields": {"name": "Can view user", "content_type": 9, "codename": "view_shopuser"}}, {"model": "auth.permission", "pk": 37, "fields": {"name": "Can add basket", "content_type": 10, "codename": "add_basket"}}, {"model": "auth.permission", "pk": 38, "fields": {"name": "Can change basket", "content_type": 10, "codename": "change_basket"}}, {"model": "auth.permission", "pk": 39, "fields": {"name": "Can delete basket", "content_type": 10, "codename": "delete_basket"}}, {"model": "auth.permission", "pk": 40, "fields": {"name": "Can view basket", "content_type": 10, "codename": "view_basket"}}, {"model": "auth.permission", "pk": 41, "fields": {"name": "Can add shop user profile", "content_type": 11, "codename": "add_shopuserprofile"}}, {"model": "auth.permission", "pk": 42, "fields": {"name": "Can change shop user profile", "content_type": 11, "codename": "change_shopuserprofile"}}, {"model": "auth.permission", "pk": 43, "fields": {"name": "Can delete shop user profile", "content_type": 11, "codename": "delete_shopuserprofile"}}, {"model": "auth.permission", "pk": 44, "fields": {"name": "Can view shop user profile", "content_type": 11, "codename": "view_shopuserprofile"}}, {"model": "auth.permission", "pk": 45, "fields": {"name": "Can add association", "content_type": 12, "codename": "add_association"}}, {"model": "auth.permission", "pk": 46, "fields": {"name": "Can change association", "content_type": 12, "codename": "change_association"}}, {"model": "auth.permission", "pk": 47, "fields": {"name": "Can delete association", "content_type": 12, "codename": "delete_association"}}, {"model": "auth.permission", "pk": 48, "fields": {"name": "Can view association", "content_type": 12, "codename": "view_association"}}, {"model": "auth.permission", "pk": 49, "fields": {"name": "Can add code", "content_type": 13, "codename": "add_code"}}, {"model": "auth.permission", "pk": 50, "fields": {"name": "Can change code", "content_type": 13, "codename": "change_code"}}, {"model": "auth.permission", "pk": 51, "fields": {"name": "Can delete code", "content_type": 13, "codename": "delete_code"}}, {"model": "auth.permission", "pk": 52, "fields": {"name": "Can view code", "content_type": 13, "codename": "view_code"}}, {"model": "auth.permission", "pk": 53, "fields": {"name": "Can add nonce", "content_type": 14, "codename": "add_nonce"}}, {"model": "auth.permission", "pk": 54, "fields": {"name": "Can change nonce", "content_type": 14, "codename": "change_nonce"}}, {"model": "auth.permission", "pk": 55, "fields": {"name": "Can delete nonce", "content_type": 14, "codename": "delete_nonce"}}, {"model": "auth.permission", "pk": 56, "fields": {"name": "Can view nonce", "content_type": 14, "codename": "view_nonce"}}, {"model": "auth.permission", "pk": 57, "fields": {"name": "Can add user social auth", "content_type": 15, "codename": "add_usersocialauth"}}, {"model": "auth.permission", "pk": 58, "fields": {"name": "Can change user social auth", "content_type": 15, "codename": "change_usersocialauth"}}, {"model": "auth.permission", "pk": 59, "fields": {"name": "Can delete user social auth", "content_type": 15, "codename": "delete_usersocialauth"}}, {"model": "auth.permission", "pk": 60, "fields": {"name": "Can view user social auth", "content_type": 15, "codename": "view_usersocialauth"}}, {"model": "auth.permission", "pk": 61, "fields": {"name": "Can add partial", "content_type": 16, "codename": "add_partial"}}, {"model": "auth.permission", "pk": 62, "fields": {"name": "Can change partial", "content_type": 16, "codename": "change_partial"}}, {"model": "auth.permission", "pk": 63, "fields": {"name": "Can delete partial", "content_type": 16, "codename": "delete_partial"}}, {"model": "auth.permission", "pk": 64, "fields": {"name": "Can view partial", "content_type": 16, "codename": "view_partial"}}, {"model": "auth.permission", "pk": 65, "fields": {"name": "Can add \u0437\u0430\u043a\u0430\u0437", "content_type": 17, "codename": "add_order"}}, {"model": "auth.permission", "pk": 66, "fields": {"name": "Can change \u0437\u0430\u043a\u0430\u0437", "content_type": 17, "codename": "change_order"}}, {"model": "auth.permission", "pk": 67, "fields": {"name": "Can delete \u0437\u0430\u043a\u0430\u0437", "content_type": 17, "codename": "delete_order"}}, {"model": "auth.permission", "pk": 68, "fields": {"name": "Can view \u0437\u0430\u043a\u0430\u0437", "content_type": 17, "codename": "view_order"}}, {"model": "auth.permission", "pk": 69, "fields": {"name": "Can add order item", "content_type": 18, "codename": "add_orderitem"}}, {"model": "auth.permission", "pk": 70, "fields": {"name": "Can change order item", "content_type": 18, "codename": "change_orderitem"}}, {"model": "auth.permission", "pk": 71, "fields": {"name": "Can delete order item", "content_type": 18, "codename": "delete_orderitem"}}, {"model": "auth.permission", "pk": 72, "fields": {"name": "Can view order item", "content_type": 18, "codename": "view_orderitem"}}, {"model": "authapp.shopuser", "pk": 1, "fields": {"password": "pbkdf2_sha256$150000$KY3okXNodsmQ$A2oSqMwy6zNDXpwsCOo0YY/JUHjrwO7v7+ypZuSihIE=", "last_login": "2020-11-22T09:18:47.815Z", "is_superuser": true, "username": "django", "first_name": "Andry", "last_name": "", "email": "admin@admin.ru", "is_staff": true, "is_active": true, "date_joined": "2020-09-30T20:57:16.175Z", "avatar": "users_avatars/avatar.png", "age": 30, "activation_key": "", "activation_key_expires": "2020-10-23T20:22:59.142Z", "groups": [], "user_permissions": []}}, {"model": "authapp.shopuser", "pk": 2, "fields": {"password": "pbkdf2_sha256$150000$32C2OXNxcVpI$ADw2Y70cnPGGqqCKosc3nIXM6Ex55aam4n2l1DDgfys=", "last_login": "2020-10-23T14:21:48.637Z", "is_superuser": false, "username": "testuser-1", "first_name": "testuser-1", "last_name": "", "email": "", "is_staff": false, "is_active": true, "date_joined": "2020-10-02T07:57:41.318Z", "avatar": "users_avatars/avatar_OaqMBx6.png", "age": 32, "activation_key": "", "activation_key_expires": "2020-10-23T20:22:59.142Z", "groups": [], "user_permissions": []}}, {"model": "authapp.shopuser", "pk": 3, "fields": {"password": "pbkdf2_sha256$150000$pO8om18jIcWE$oBIoZN3vX70DguFhqkIc5x4ZB/8X4lADLMZCboCf8GY=", "last_login": null, "is_superuser": false, "username": "testuser-2", "first_name": "testuser-2", "last_name": "", "email": "", "is_staff": false, "is_active": false, "date_joined": "2020-10-11T21:10:42Z", "avatar": "", "age": 33, "activation_key": "", "activation_key_expires": "2020-10-23T20:22:59.142Z", "groups": [], "user_permissions": []}}, {"model": "authapp.shopuser", "pk": 4, "fields": {"password": "pbkdf2_sha256$150000$vozZ3JxA3fke$5xtjb3BG+YU66baL4IHZ+HSNxSxPLqYtF9Aiq/BTTIM=", "last_login": null, "is_superuser": false, "username": "testuser-33", "first_name": "test33", "last_name": "", "email": "test33@test.com", "is_staff": false, "is_active": true, "date_joined": "2020-10-11T21:36:03.557Z", "avatar": "", "age": 54, "activation_key": "", "activation_key_expires": "2020-10-23T20:22:59.142Z", "groups": [], "user_permissions": []}}, {"model": "authapp.shopuser", "pk": 5, "fields": {"password": "pbkdf2_sha256$150000$yWBcigg09Lf8$l6CBnEAKAiqbpJNb1YiXAebMwdnpzah7RpHQ72kkY5o=", "last_login": null, "is_superuser": false, "username": "django2", "first_name": "django2", "last_name": "", "email": "test55@geek.com", "is_staff": false, "is_active": false, "date_joined": "2020-10-21T20:26:21.781Z", "avatar": "", "age": 32, "activation_key": "", "activation_key_expires": "2020-10-23T20:23:49.045Z", "groups": [], "user_permissions": []}}, {"model": "authapp.shopuser", "pk": 9, "fields": {"password": "pbkdf2_sha256$150000$jnQmntpV5DqY$F2N2i+T1XdX90O/8V0Ad4eqtb+AzvCej7GUSuWh1+Xk=", "last_login": null, "is_superuser": false, "username": "django66", "first_name": "django66", "last_name": "", "email": "django66@google.com", "is_staff": false, "is_active": true, "date_joined": "2020-10-21T21:31:32.914Z", "avatar": "", "age": 34, "activation_key": "", "activation_key_expires": "2020-10-23T21:30:11.597Z", "groups": [], "user_permissions": []}}, {"model": "authapp.shopuser", "pk": 11, "fields": {"password": "pbkdf2_sha256$150000$o6GX8tsWAHxa$h77/3XduVOsB7IMSfMHdjx2g1XDaqdd7TREIJSGHl70=", "last_login": "2020-10-22T10:01:53.137Z", "is_superuser": false, "username": "testuser-111", "first_name": "testuser-111", "last_name": "", "email": "testuser-111@mail.ru", "is_staff": false, "is_active": true, "date_joined": "2020-10-22T09:56:21.876Z", "avatar": "", "age": 33, "activation_key": "187927a0d266455c67d2b99ff3166ca9b1107013", "activation_key_expires": "2020-10-24T09:55:24.661Z", "groups": [], "user_permissions": []}}, {"model": "authapp.shopuser", "pk": 13, "fields": {"password": "pbkdf2_sha256$150000$h46b8zH8huHc$W60OBex3t4/ewO8hzX9N6hbJhtcjwbVXUXqirY/+2Yw=", "last_login": "2020-10-23T14:25:08.382Z", "is_superuser": false, "username": "user-user", "first_name": "user-user", "last_name": "", "email": "user@user.com", "is_staff": false, "is_active": true, "date_joined": "2020-10-23T14:24:38.134Z", "avatar": "", "age": 36, "activation_key": "a00ffd9667d4202554894182de6c956c033d8f17", "activation_key_expires": "2020-10-25T14:23:55.045Z", "groups": [], "user_permissions": []}}, {"model": "authapp.shopuser", "pk": 21, "fields": {"password": "!3NsLbv3TdLxUiTYNAOJahj5Qa1tXRgvru8xeAzYq", "last_login": "2020-11-04T19:32:50.893Z", "is_superuser": false, "username": "vinogradovaiu24", "first_name": "Andry", "last_name": "Vinogradov", "email": "vinogradovaiu24@gmail.com", "is_staff": false, "is_active": true, "date_joined": "2020-11-04T19:32:50.222Z", "avatar": "D:\\\u041e\u0411\u0423\u0427\u0415\u041d\u0418\u0415\\pythonProject\\django-base\\media\\users_avatars\\vinogradovaiu24.jpeg", "age": 18, "activation_key": "", "activation_key_expires": "2020-11-06T19:31:04.243Z", "groups": [], "user_permissions": []}}, {"model": "authapp.shopuserprofile", "pk": 1, "fields": {"user": 1, "tagline": "", "aboutMe": "\u042f \u0430\u0434\u043c\u0438\u043d\u0438\u0441\u0442\u0440\u0430\u0442\u043e\u0440 \u044d\u0442\u043e\u0433\u043e \u043f\u0440\u043e\u0435\u043a\u0442\u0430", "gender": "M", "locale": "", "profile": ""}}, {"model": "authapp.shopuserprofile", "pk": 2, "fields": {"user": 2, "tagline": "", "aboutMe": "", "gender": "", "locale": "", "profile": ""}}, {"model": "authapp.shopuserprofile", "pk": 3, "fields": {"user": 3, "tagline": "", "aboutMe": "", "gender": "", "locale": "", "profile": ""}}, {"model": "authapp.shopuserprofile", "pk": 4, "fields": {"user": 4, "tagline": "", "aboutMe": "", "gender": "", "locale": "", "profile": ""}}, {"model": "authapp.shopuserprofile", "pk": 5, "fields": {"user": 5, "tagline": "", "aboutMe": "", "gender": "", "locale": "", "profile": ""}}, {"model": "authapp.shopuserprofile", "pk": 9, "fields": {"user": 9, "tagline": "", "aboutMe": "", "gender": "", "locale": "", "profile": ""}}, {"model": "authapp.shopuserprofile", "pk": 11, "fields": {"user": 11, "tagline": "", "aboutMe": "", "gender": "", "locale": "", "profile": ""}}, {"model": "authapp.shopuserprofile", "pk": 13, "fields": {"user": 13, "tagline": "", "aboutMe": "", "gender": "", "locale": "", "profile": ""}}, {"model": "authapp.shopuserprofile", "pk": 21, "fields": {"user": 21, "tagline": "", "aboutMe": "", "gender": "", "locale": "ru", "profile": ""}}, {"model": "basketapp.basket", "pk": 37, "fields": {"user": 2, "product": 10, "quantity": 2, "add_datetime": "2020-10-08T20:11:18.275Z", "is_active": true}}, {"model": "basketapp.basket", "pk": 39, "fields": {"user": 2, "product": 12, "quantity": 3, "add_datetime": "2020-10-08T20:14:24.890Z", "is_active": true}}, {"model": "basketapp.basket", "pk": 43, "fields": {"user": 2, "product": 15, "quantity": 1, "add_datetime": "2020-10-08T20:35:52.709Z", "is_active": true}}, {"model": "basketapp.basket", "pk": 44, "fields": {"user": 2, "product": 26, "quantity": 1, "add_datetime": "2020-10-23T14:22:01.093Z", "is_active": true}}, {"model": "basketapp.basket", "pk": 45, "fields": {"user": 13, "product": 26, "quantity": 3, "add_datetime": "2020-10-23T14:25:20.395Z", "is_active": true}}, {"model": "basketapp.basket", "pk": 47, "fields": {"user": 13, "product": 2, "quantity": 1, "add_datetime": "2020-10-23T14:36:33.632Z", "is_active": true}}, {"model": "social_django.usersocialauth", "pk": 8, "fields": {"user": 21, "provider": "google-oauth2", "uid": "vinogradovaiu24@gmail.com", "extra_data": "{\"auth_time\": 1604518370, \"expires\": 3599, \"token_type\": \"Bearer\", \"access_token\": \"ya29.A0AfH6SMAe8kgzVyV8-Di7duduwuim9RBQZP2xx-CuDcjKBymBcE7BaC8NQ-YsCJ-T-RQJ1JBdzqnuiEWXUSPKYY0lNgQvHtrbxODK1N2NxEFcDQVV7-P7JRbWJSbKGeHmFudHfjSclbmRL1CSGAdeMb3Whj5M0-3DEqiWfMt42Cw\"}", "created": "2020-11-04T19:32:50.235Z", "modified": "2020-11-04T19:32:50.244Z"}}, {"model": "ordersapp.order", "pk": 1, "fields": {"user": 1, "created": "2020-10-29T20:39:38.212Z", "updated": "2020-10-29T20:56:48.100Z", "status": "FM", "is_active": false}}, {"model": "ordersapp.order", "pk": 2, "fields": {"user": 1, "created": "2020-10-29T20:56:19.021Z", "updated": "2020-10-29T21:11:35.106Z", "status": "STP", "is_active": true}}, {"model": "ordersapp.order", "pk": 3, "fields": {"user": 1, "created": "2020-10-29T20:57:24.512Z", "updated": "2020-11-09T08:44:30.365Z", "status": "PRD", "is_active": false}}, {"model": "ordersapp.order", "pk": 4, "fields": {"user": 1, "created": "2020-10-30T19:33:00.208Z", "updated": "2020-11-05T14:25:37.628Z", "status": "FM", "is_active": false}}, {"model": "ordersapp.order", "pk": 5, "fields": {"user": 1, "created": "2020-11-02T21:43:19.127Z", "updated": "2020-11-02T21:43:50.795Z", "status": "FM", "is_active": false}}, {"model": "ordersapp.order", "pk": 6, "fields": {"user": 1, "created": "2020-11-03T04:49:52.748Z", "updated": "2020-11-09T08:31:40.172Z", "status": "PRD", "is_active": false}}, {"model": "ordersapp.order", "pk": 7, "fields": {"user": 21, "created": "2020-11-04T19:40:46.460Z", "updated": "2020-11-09T08:31:35.757Z", "status": "PRD", "is_active": true}}, {"model": "ordersapp.order", "pk": 8, "fields": {"user": 1, "created": "2020-11-05T14:26:04.477Z", "updated": "2020-11-09T08:31:29.052Z", "status": "PRD", "is_active": true}}, {"model": "ordersapp.order", "pk": 9, "fields": {"user": 1, "created": "2020-11-10T21:26:19.970Z", "updated": "2020-11-10T21:26:19.996Z", "status": "FM", "is_active": false}}, {"model": "ordersapp.order", "pk": 10, "fields": {"user": 1, "created": "2020-11-10T21:27:09.531Z", "updated": "2020-11-18T18:37:43.535Z", "status": "FM", "is_active": false}}, {"model": "ordersapp.order", "pk": 11, "fields": {"user": 1, "created": "2020-11-15T20:39:38.981Z", "updated": "2020-11-18T18:37:40.807Z", "status": "FM", "is_active": false}}, {"model": "ordersapp.order", "pk": 12, "fields": {"user": 1, "created": "2020-11-15T20:39:48.739Z", "updated": "2020-11-15T20:39:48.852Z", "status": "FM", "is_active": false}}, {"model": "ordersapp.order", "pk": 13, "fields": {"user": 1, "created": "2020-11-15T22:03:48.288Z", "updated": "2020-11-18T18:37:38.049Z", "status": "FM", "is_active": false}}, {"model": "ordersapp.order", "pk": 14, "fields": {"user": 1, "created": "2020-11-18T19:08:07.847Z", "updated": "2020-11-22T22:15:57.750Z", "status": "FM", "is_active": true}}, {"model": "ordersapp.order", "pk": 15, "fields": {"user": 1, "created": "2020-11-22T21:13:02.429Z", "updated": "2020-11-22T21:35:03.567Z", "status": "FM", "is_active": true}}]